status,date,SUM(amount),"COUNT(distinct trans_id)",count(client_id)
A,1993-01-14,45749,2,2
A,1993-01-17,1100,1,1
A,1993-01-19,700,1,1
A,1993-01-24,900,1,1
A,1993-01-25,900,1,1
A,1993-01-30,1000,1,1
A,1993-01-31,5392.999996960163,3,3
A,1993-02-04,300,1,1
A,1993-02-05,7618,1,1
A,1993-02-07,14693,2,2
A,1993-02-08,2100,3,3
A,1993-02-10,1100,1,1
A,1993-02-11,12154,1,1
A,1993-02-12,93135,4,4
A,1993-02-13,10500,2,2
A,1993-02-14,44749,1,1
A,1993-02-16,4200,1,1
A,1993-02-18,30623,2,2
A,1993-02-19,33410,1,1
A,1993-02-20,700,1,1
A,1993-02-23,35461,2,2
A,1993-02-24,4500,1,1
A,1993-02-26,2200,2,2
A,1993-02-27,200,1,1
A,1993-02-28,64161.599996089935,15,15
A,1993-03-01,3900,1,1
A,1993-03-04,46118,2,2
A,1993-03-05,33958,3,3
A,1993-03-06,19000,1,1
A,1993-03-07,30342,2,2
A,1993-03-09,700,1,1
A,1993-03-10,44485,3,3
A,1993-03-11,12154,1,1
A,1993-03-12,67705,4,4
A,1993-03-13,43344,2,2
A,1993-03-14,70049,2,2
A,1993-03-15,4700,3,3
A,1993-03-16,51498,3,3
A,1993-03-17,16549,1,1
A,1993-03-18,12824,3,3
A,1993-03-19,1100,1,1
A,1993-03-20,43774,3,3
A,1993-03-21,12801,1,1
A,1993-03-22,16400,1,1
A,1993-03-23,39703,1,1
A,1993-03-24,62040,3,3
A,1993-03-25,70480,3,3
A,1993-03-26,49282,2,2
A,1993-03-27,600,1,1
A,1993-03-28,15707,4,4
A,1993-03-29,8600,2,2
A,1993-03-31,62422.69997906685,31,31
A,1993-04-02,1100,1,1
A,1993-04-04,138227,4,4
A,1993-04-05,76158,4,4
A,1993-04-06,41736,3,3
A,1993-04-07,52923,4,4
A,1993-04-08,13700,1,1
A,1993-04-09,29900,2,2
A,1993-04-10,35462,2,2
A,1993-04-11,12154,1,1
A,1993-04-12,125087,6,6
A,1993-04-13,130237,5,5
A,1993-04-14,123145,6,6
A,1993-04-15,69199,2,2
A,1993-04-16,8677,1,1
A,1993-04-17,10600,3,3
A,1993-04-18,6000,1,1
A,1993-04-19,47400,3,3
A,1993-04-20,56790,4,4
A,1993-04-21,29229,3,3
A,1993-04-22,27100,2,2
A,1993-04-23,36337,2,2
A,1993-04-24,11030,2,2
A,1993-04-25,24200,1,1
A,1993-04-26,17586,2,2
A,1993-04-27,42173,4,4
A,1993-04-28,128663,6,6
A,1993-04-29,13472,1,1
A,1993-04-30,29167.79998731613,45,45
A,1993-05-01,24008,1,1
A,1993-05-02,141737,4,4
A,1993-05-03,25724,1,1
A,1993-05-04,24200,2,2
A,1993-05-05,77318,5,5
A,1993-05-06,121459,4,4
A,1993-05-07,60220,5,5
A,1993-05-08,38335,2,2
A,1993-05-09,32719,3,3
A,1993-05-10,74278,3,3
A,1993-05-11,105663,6,6
A,1993-05-12,106543,8,8
A,1993-05-13,56485,4,4
A,1993-05-14,203517,10,10
A,1993-05-15,84064,4,4
A,1993-05-16,23518,2,2
A,1993-05-17,126604,5,5
A,1993-05-18,4800,1,1
A,1993-05-19,60900,3,3
A,1993-05-20,20900,4,4
A,1993-05-21,22763,3,3
A,1993-05-22,14100,2,2
A,1993-05-23,24200,2,2
A,1993-05-24,40958,2,2
A,1993-05-25,158372,5,5
A,1993-05-26,42285,2,2
A,1993-05-27,46100,3,3
A,1993-05-28,110269,7,7
A,1993-05-29,1000,1,1
A,1993-05-30,52064,4,4
A,1993-05-31,17344.89999771118,56,56
A,1993-06-01,23500,1,1
A,1993-06-02,32842,2,2
A,1993-06-03,170648,7,7
A,1993-06-04,38900,3,3
A,1993-06-05,134992,7,7
A,1993-06-06,101415,4,4
A,1993-06-07,76831.5,4,4
A,1993-06-08,46449,3,3
A,1993-06-09,65950,4,4
A,1993-06-10,132519,8,8
A,1993-06-11,83934,7,7
A,1993-06-12,95467,4,4
A,1993-06-13,168441,11,11
A,1993-06-14,137235,5,5
A,1993-06-15,17308,2,2
A,1993-06-16,74564,4,4
A,1993-06-17,23700,4,4
A,1993-06-18,88720,6,6
A,1993-06-19,134499,7,7
A,1993-06-20,44054,4,4
A,1993-06-21,77899,5,5
A,1993-06-22,161573,5,5
A,1993-06-23,66586,6,6
A,1993-06-24,54300,3,3
A,1993-06-25,76600,3,3
A,1993-06-26,216399,8,8
A,1993-06-27,64233,5,5
A,1993-06-28,49302,3,3
A,1993-06-29,74398,4,4
A,1993-06-30,110570.6999874115,79,79
A,1993-07-01,36900,2,2
A,1993-07-02,65418,5,5
A,1993-07-03,10700,2,2
A,1993-07-04,20300,3,3
A,1993-07-05,41014,6,6
A,1993-07-06,149100,9,9
A,1993-07-07,161948,13,13
A,1993-07-08,88411,4,4
A,1993-07-09,148109,9,9
A,1993-07-10,78066,8,8
A,1993-07-11,80405,12,12
A,1993-07-12,108951,7,7
A,1993-07-13,158331,14,14
A,1993-07-14,164932,7,7
A,1993-07-15,87374,3,3
A,1993-07-16,48100,5,5
A,1993-07-17,15200,2,2
A,1993-07-18,73019,6,6
A,1993-07-19,179543,9,9
A,1993-07-20,18400,3,3
A,1993-07-21,48600,5,5
A,1993-07-22,164072,6,6
A,1993-07-23,28280,3,3
A,1993-07-24,144340,6,6
A,1993-07-25,207037,7,7
A,1993-07-26,55527,6,6
A,1993-07-27,55308,6,6
A,1993-07-28,59029,5,5
A,1993-07-29,90653,5,5
A,1993-07-30,138046,5,5
A,1993-07-31,87100.3000535965,97,97
A,1993-08-01,11800,3,3
A,1993-08-02,82628,5,5
A,1993-08-03,155985,4,4
A,1993-08-04,69958,6,6
A,1993-08-05,197205,11,11
A,1993-08-06,151328,9,9
A,1993-08-07,83785,12,12
A,1993-08-08,90617,4,4
A,1993-08-09,90560,7,7
A,1993-08-10,332964,15,15
A,1993-08-11,95006,8,8
A,1993-08-12,202979.30004882812,15,15
A,1993-08-13,139173,10,10
A,1993-08-14,210305,9,9
A,1993-08-15,51945,5,5
A,1993-08-16,20746,4,4
A,1993-08-17,86350,8,8
A,1993-08-18,71400,7,7
A,1993-08-19,160246,8,8
A,1993-08-20,89343,10,10
A,1993-08-21,39200,3,3
A,1993-08-22,96552,5,5
A,1993-08-23,49425,3,3
A,1993-08-24,27173,3,3
A,1993-08-25,28000,4,4
A,1993-08-26,81089,4,4
A,1993-08-27,108845,6,6
A,1993-08-28,13800,3,3
A,1993-08-29,83844,4,4
A,1993-08-30,81824,5,5
A,1993-08-31,83381.90006351471,115,115
A,1993-09-01,5240,2,2
A,1993-09-02,55742,4,4
A,1993-09-03,73634,8,8
A,1993-09-04,77086,6,6
A,1993-09-05,288686,16,16
A,1993-09-06,123338,13,13
A,1993-09-07,174659,14,14
A,1993-09-08,239055,9,9
A,1993-09-09,171492,10,10
A,1993-09-10,161654,10,10
A,1993-09-11,93724,8,8
A,1993-09-12,159676,15,15
A,1993-09-13,76241,12,12
A,1993-09-14,105765,11,11
A,1993-09-15,27900,4,4
A,1993-09-16,109017,9,9
A,1993-09-17,86712,9,9
A,1993-09-18,101445,7,7
A,1993-09-19,51229,5,5
A,1993-09-20,85217,6,6
A,1993-09-21,125619,8,8
A,1993-09-22,83685,5,5
A,1993-09-23,45478,3,3
A,1993-09-24,61655,5,5
A,1993-09-25,35900,4,4
A,1993-09-26,73200,6,6
A,1993-09-27,112950,4,4
A,1993-09-28,10400,2,2
A,1993-09-29,99360,7,7
A,1993-09-30,74427.49995040894,133,133
A,1993-10-01,84656,4,4
A,1993-10-02,64061,4,4
A,1993-10-03,184534,11,11
A,1993-10-04,70000,5,5
A,1993-10-05,320858,21,21
A,1993-10-06,113624,10,10
A,1993-10-07,84966,9,9
A,1993-10-08,212341,14,14
A,1993-10-09,174336,13,13
A,1993-10-10,211796,16,16
A,1993-10-11,136201,11,11
A,1993-10-12,221566.80004882812,16,16
A,1993-10-13,176321,15,15
A,1993-10-14,148904,13,13
A,1993-10-15,115486,5,5
A,1993-10-16,32142,6,6
A,1993-10-17,177811,12,12
A,1993-10-18,109748,8,8
A,1993-10-19,87722,8,8
A,1993-10-20,118125,8,8
A,1993-10-21,111993,6,6
A,1993-10-22,74400,3,3
A,1993-10-23,43719,5,5
A,1993-10-24,52677,6,6
A,1993-10-25,110494,6,6
A,1993-10-26,73704,4,4
A,1993-10-27,118383,8,8
A,1993-10-28,9600,1,1
A,1993-10-29,57102,5,5
A,1993-10-30,114191,7,7
A,1993-10-31,115794.1999950409,151,151
A,1993-11-01,80406,4,4
A,1993-11-02,191959,14,14
A,1993-11-03,93911,6,6
A,1993-11-04,157089,11,11
A,1993-11-05,233089,16,16
A,1993-11-06,84085,9,9
A,1993-11-07,111864,11,11
A,1993-11-08,200016,14,14
A,1993-11-09,91926,9,9
A,1993-11-10,161826,12,12
A,1993-11-11,93583,12,12
A,1993-11-12,136535,16,16
A,1993-11-13,164024,16,16
A,1993-11-14,150658,11,11
A,1993-11-15,46510,6,6
A,1993-11-16,132000,10,10
A,1993-11-17,143272,8,8
A,1993-11-18,114015,13,13
A,1993-11-19,63643,5,5
A,1993-11-20,112525,7,7
A,1993-11-21,149872,11,11
A,1993-11-22,61783,5,5
A,1993-11-23,195044,10,10
A,1993-11-24,96719,9,9
A,1993-11-25,69049,6,6
A,1993-11-26,55364,8,8
A,1993-11-27,70295,5,5
A,1993-11-28,24200,2,2
A,1993-11-29,14000,2,2
A,1993-11-30,56829.400055885315,166,166
A,1993-12-01,67584,7,7
A,1993-12-02,211798,16,16
A,1993-12-03,122481,10,10
A,1993-12-04,201050,15,15
A,1993-12-05,356719,22,22
A,1993-12-06,183722,11,11
A,1993-12-07,273787,16,16
A,1993-12-08,408202,20,20
A,1993-12-09,290848.5,20,20
A,1993-12-10,403613,24,24
A,1993-12-11,197608,16,16
A,1993-12-12,330728.8996582031,23,23
A,1993-12-13,238621,18,18
A,1993-12-14,241720,15,15
A,1993-12-15,71864,9,9
A,1993-12-16,217564,17,17
A,1993-12-17,128470,8,8
A,1993-12-18,77607,6,6
A,1993-12-19,93960,8,8
A,1993-12-20,137123,11,11
A,1993-12-21,142015,10,10
A,1993-12-22,114282,10,10
A,1993-12-23,218037,12,12
A,1993-12-24,150624,9,9
A,1993-12-25,101833,8,8
A,1993-12-26,103301,9,9
A,1993-12-27,34462,5,5
A,1993-12-28,53720,8,8
A,1993-12-29,52620,6,6
A,1993-12-30,180981,6,6
A,1993-12-31,74627.49998474121,183,183
A,1994-01-01,177090,19,19
A,1994-01-02,233186,23,23
A,1994-01-03,192509,19,19
A,1994-01-04,127815,18,18
A,1994-01-05,394680,27,27
A,1994-01-06,242160,18,18
A,1994-01-07,183801,20,20
A,1994-01-08,327733,34,34
A,1994-01-09,248521,25,25
A,1994-01-10,272553,27,27
A,1994-01-11,185635,23,23
A,1994-01-12,326678.69970703125,37,37
A,1994-01-13,243141,28,28
A,1994-01-14,102811,19,19
A,1994-01-15,146387,18,18
A,1994-01-16,151043,20,20
A,1994-01-17,169501,20,20
A,1994-01-18,100429,16,16
A,1994-01-19,143395,20,20
A,1994-01-20,198782,21,21
A,1994-01-21,162622,19,19
A,1994-01-22,160567,18,18
A,1994-01-23,133987,18,18
A,1994-01-24,120634,17,17
A,1994-01-25,78360,14,14
A,1994-01-26,133998,20,20
A,1994-01-27,218841,19,19
A,1994-01-28,150895,18,18
A,1994-01-29,88437,10,10
A,1994-01-30,125505,11,11
A,1994-01-31,76650.5000057295,210,210
A,1994-02-01,103874,8,8
A,1994-02-02,73887,9,9
A,1994-02-03,168618,14,14
A,1994-02-04,41100,8,8
A,1994-02-05,302029,20,20
A,1994-02-06,209695,16,16
A,1994-02-07,212913,17,17
A,1994-02-08,328415,19,19
A,1994-02-09,163150,13,13
A,1994-02-10,207274,17,17
A,1994-02-11,131651,18,18
A,1994-02-12,245488.099609375,29,29
A,1994-02-13,204340,19,19
A,1994-02-14,198535,20,20
A,1994-02-15,117799,10,10
A,1994-02-16,92846,10,10
A,1994-02-17,33900,3,3
A,1994-02-18,104257,5,5
A,1994-02-19,128691,11,11
A,1994-02-20,101989,9,9
A,1994-02-21,45900,8,8
A,1994-02-22,129046,11,11
A,1994-02-23,13300,3,3
A,1994-02-24,70800,4,4
A,1994-02-25,82185,4,4
A,1994-02-26,42703,5,5
A,1994-02-27,118165,7,7
A,1994-02-28,50364.99999696016,213,213
A,1994-03-01,151368,6,6
A,1994-03-02,102059,8,8
A,1994-03-03,126114,6,6
A,1994-03-04,86585,10,10
A,1994-03-05,256078,24,24
A,1994-03-06,108951,10,10
A,1994-03-07,215524,16,16
A,1994-03-08,370242,23,23
A,1994-03-09,229313,16,16
A,1994-03-10,201905,19,19
A,1994-03-11,172381,18,18
A,1994-03-12,332619.69970703125,34,34
A,1994-03-13,228142,19,19
A,1994-03-14,160293,14,14
A,1994-03-15,116351,10,10
A,1994-03-16,106012,12,12
A,1994-03-17,139752,10,10
A,1994-03-18,81020,8,8
A,1994-03-19,145776,9,9
A,1994-03-20,48093,5,5
A,1994-03-21,126615,8,8
A,1994-03-22,69426,5,5
A,1994-03-23,64672,7,7
A,1994-03-24,135434,9,9
A,1994-03-25,12400,5,5
A,1994-03-26,70800,5,5
A,1994-03-27,123663,11,11
A,1994-03-28,46165,6,6
A,1994-03-29,76795,9,9
A,1994-03-30,49300,5,5
A,1994-03-31,165004.19999408722,220,220
A,1994-04-01,130585,9,9
A,1994-04-02,81941,9,9
A,1994-04-03,117265,8,8
A,1994-04-04,88432,10,10
A,1994-04-05,191806,15,15
A,1994-04-06,151251,16,16
A,1994-04-07,284858,24,24
A,1994-04-08,347659,23,23
A,1994-04-09,215692,21,21
A,1994-04-10,198757,17,17
A,1994-04-11,183411,18,18
A,1994-04-12,404333.9997558594,41,41
A,1994-04-13,172221,18,18
A,1994-04-14,137053,16,16
A,1994-04-15,196381,17,17
A,1994-04-16,82951,9,9
A,1994-04-17,126062,10,10
A,1994-04-18,133505,8,8
A,1994-04-19,98203,12,12
A,1994-04-20,94070,7,7
A,1994-04-21,84841,9,9
A,1994-04-22,133225,8,8
A,1994-04-23,259799,15,15
A,1994-04-24,166782,10,10
A,1994-04-25,193420,12,12
A,1994-04-26,23251,3,3
A,1994-04-27,128178,8,8
A,1994-04-28,33036,6,6
A,1994-04-29,75523,5,5
A,1994-04-30,222975.30002212524,230,230
A,1994-05-01,202060,12,12
A,1994-05-02,49900,8,8
A,1994-05-03,208876,15,15
A,1994-05-04,150304,14,14
A,1994-05-05,231135,20,20
A,1994-05-06,336415,19,19
A,1994-05-07,183128,18,18
A,1994-05-08,290367,19,19
A,1994-05-09,265154,20,20
A,1994-05-10,339296,24,24
A,1994-05-11,162036,18,18
A,1994-05-12,205209.99926757812,39,39
A,1994-05-13,370738,27,27
A,1994-05-14,111983,11,11
A,1994-05-15,108578,12,12
A,1994-05-16,134367,11,11
A,1994-05-17,161123,11,11
A,1994-05-18,68467,8,8
A,1994-05-19,151602,9,9
A,1994-05-20,95616,11,11
A,1994-05-21,114526,9,9
A,1994-05-22,88877,10,10
A,1994-05-23,218985,13,13
A,1994-05-24,76261,8,8
A,1994-05-25,111456,10,10
A,1994-05-26,145404,9,9
A,1994-05-27,50512,6,6
A,1994-05-28,128696,6,6
A,1994-05-29,41130,3,3
A,1994-05-30,128918,7,7
A,1994-05-31,200227.20006752014,241,241
A,1994-06-01,139022,8,8
A,1994-06-02,76142,9,9
A,1994-06-03,49918,9,9
A,1994-06-04,145697,11,11
A,1994-06-05,576165,33,33
A,1994-06-06,201963,16,16
A,1994-06-07,332528,21,21
A,1994-06-08,382318,19,19
A,1994-06-09,225778.5,17,17
A,1994-06-10,327063,21,21
A,1994-06-11,352348,25,25
A,1994-06-12,424942.7995605469,48,48
A,1994-06-13,287287,22,22
A,1994-06-14,237438.5,22,22
A,1994-06-15,93900,9,9
A,1994-06-16,50478,7,7
A,1994-06-17,97826,8,8
A,1994-06-18,72223,9,9
A,1994-06-19,116462,9,9
A,1994-06-20,182820,14,14
A,1994-06-21,99406,11,11
A,1994-06-22,354941,17,17
A,1994-06-23,194296,11,11
A,1994-06-24,99491,9,9
A,1994-06-25,298095,15,15
A,1994-06-26,143662,9,9
A,1994-06-27,136865,8,8
A,1994-06-28,224887,12,12
A,1994-06-29,106130,8,8
A,1994-06-30,138530.60012626648,245,245
A,1994-07-01,173558,11,11
A,1994-07-02,102024,9,9
A,1994-07-03,161750,12,12
A,1994-07-04,168885,12,12
A,1994-07-05,360619,26,26
A,1994-07-06,161255,18,18
A,1994-07-07,223312,17,17
A,1994-07-08,345251,22,22
A,1994-07-09,281279,19,19
A,1994-07-10,246755,26,26
A,1994-07-11,93480,14,14
A,1994-07-12,292818.6994628906,47,47
A,1994-07-13,146088,18,18
A,1994-07-14,325108,24,24
A,1994-07-15,176577,12,12
A,1994-07-16,76660,9,9
A,1994-07-17,116616,8,8
A,1994-07-18,66466,6,6
A,1994-07-19,113053,9,9
A,1994-07-20,166997,13,13
A,1994-07-21,170705,14,14
A,1994-07-22,73742,9,9
A,1994-07-23,81158,7,7
A,1994-07-24,140104,8,8
A,1994-07-25,91976,6,6
A,1994-07-26,216685,13,13
A,1994-07-27,28018,3,3
A,1994-07-28,67332,6,6
A,1994-07-29,85305,5,5
A,1994-07-30,98020,10,10
A,1994-07-31,219558.99995994568,252,252
A,1994-08-01,144854,11,11
A,1994-08-02,60546,11,11
A,1994-08-03,298124,14,14
A,1994-08-04,83241,8,8
A,1994-08-05,195443,21,21
A,1994-08-06,267760,19,19
A,1994-08-07,196140,15,15
A,1994-08-08,397924,22,22
A,1994-08-09,211492,18,18
A,1994-08-10,332408,25,25
A,1994-08-11,231469,19,19
A,1994-08-12,501285.7995605469,56,56
A,1994-08-13,412251,32,32
A,1994-08-14,236698,15,15
A,1994-08-15,180975,10,10
A,1994-08-16,34600,6,6
A,1994-08-17,113918,6,6
A,1994-08-18,111058,10,10
A,1994-08-19,217692,13,13
A,1994-08-20,168183,11,11
A,1994-08-21,163757,12,12
A,1994-08-22,133998,13,13
A,1994-08-23,115211,7,7
A,1994-08-24,27345,4,4
A,1994-08-25,198444,9,9
A,1994-08-26,66203,6,6
A,1994-08-27,66668,7,7
A,1994-08-28,62610,5,5
A,1994-08-29,209167,13,13
A,1994-08-30,130026,9,9
A,1994-08-31,355062.80008888245,265,265
A,1994-09-01,162773,11,11
A,1994-09-02,109617,9,9
A,1994-09-03,181007,9,9
A,1994-09-04,78200,10,10
A,1994-09-05,267570,19,19
A,1994-09-06,316887,20,20
A,1994-09-07,316759,18,18
A,1994-09-08,322575,20,20
A,1994-09-09,145367,14,14
A,1994-09-10,291942,24,24
A,1994-09-11,162660,20,20
A,1994-09-12,530207.1997070312,60,60
A,1994-09-13,221045,21,21
A,1994-09-14,244420,16,16
A,1994-09-15,117858,11,11
A,1994-09-16,108455,10,10
A,1994-09-17,154980,13,13
A,1994-09-18,82100,12,12
A,1994-09-19,171067,11,11
A,1994-09-20,187773,12,12
A,1994-09-21,16026,4,4
A,1994-09-22,260764,11,11
A,1994-09-23,174548,11,11
A,1994-09-24,105430,8,8
A,1994-09-25,146810,9,9
A,1994-09-26,99317,6,6
A,1994-09-27,11800,2,2
A,1994-09-28,154070,16,16
A,1994-09-29,95520,6,6
A,1994-09-30,295461.60018110275,270,270
A,1994-10-01,113107,11,11
A,1994-10-02,222138,11,11
A,1994-10-03,106519,8,8
A,1994-10-04,111999,13,13
A,1994-10-05,454225,24,24
A,1994-10-06,193969,17,17
A,1994-10-07,307696,23,23
A,1994-10-08,396355,19,19
A,1994-10-09,171555,15,15
A,1994-10-10,249575,24,24
A,1994-10-11,128398,17,17
A,1994-10-12,511985,66,66
A,1994-10-13,174950,17,17
A,1994-10-14,189246,16,16
A,1994-10-15,64219,8,8
A,1994-10-16,49379,5,5
A,1994-10-17,158073,12,12
A,1994-10-18,71971,9,9
A,1994-10-19,177692,14,14
A,1994-10-20,141756,10,10
A,1994-10-21,72615,12,12
A,1994-10-22,153631,11,11
A,1994-10-23,71521,7,7
A,1994-10-24,88074,9,9
A,1994-10-25,26600,5,5
A,1994-10-26,198152,10,10
A,1994-10-27,57495,4,4
A,1994-10-28,191896,15,15
A,1994-10-29,108396,6,6
A,1994-10-30,127412,10,10
A,1994-10-31,235765.00008821487,273,273
A,1994-11-01,161429,11,11
A,1994-11-02,100321,10,10
A,1994-11-03,126116,12,12
A,1994-11-04,135560,9,9
A,1994-11-05,269932,26,26
A,1994-11-06,80441,13,13
A,1994-11-07,180602,16,16
A,1994-11-08,474434,20,20
A,1994-11-09,324013,20,20
A,1994-11-10,143860,18,18
A,1994-11-11,227604,23,23
A,1994-11-12,421465.19921875,70,70
A,1994-11-13,175906,22,22
A,1994-11-14,242842,17,17
A,1994-11-15,111279,8,8
A,1994-11-16,166957,11,11
A,1994-11-17,100306,11,11
A,1994-11-18,107925,10,10
A,1994-11-19,68767,7,7
A,1994-11-20,119310,8,8
A,1994-11-21,151461,10,10
A,1994-11-22,116104,11,11
A,1994-11-23,139912,6,6
A,1994-11-24,117981,7,7
A,1994-11-25,182394,9,9
A,1994-11-26,68130,7,7
A,1994-11-27,126022,11,11
A,1994-11-28,123560,7,7
A,1994-11-29,137534,12,12
A,1994-11-30,175769.500041008,276,276
A,1994-12-01,138349,14,14
A,1994-12-02,132607,13,13
A,1994-12-03,131122,13,13
A,1994-12-04,192549,14,14
A,1994-12-05,630091,36,36
A,1994-12-06,228846,17,17
A,1994-12-07,281881,23,23
A,1994-12-08,411729,23,23
A,1994-12-09,313295.5,20,20
A,1994-12-10,394972,33,33
A,1994-12-11,230355,22,22
A,1994-12-12,542156.9001464844,79,79
A,1994-12-13,337584,24,24
A,1994-12-14,263529.5,20,20
A,1994-12-15,147120,12,12
A,1994-12-16,141674,12,12
A,1994-12-17,178962,14,14
A,1994-12-18,224192,18,18
A,1994-12-19,176215,15,15
A,1994-12-20,115235,12,12
A,1994-12-21,246422,13,13
A,1994-12-22,161346,9,9
A,1994-12-23,108757,10,10
A,1994-12-24,122053,11,11
A,1994-12-25,189996,12,12
A,1994-12-26,257322,17,17
A,1994-12-27,119230,14,14
A,1994-12-28,124467,11,11
A,1994-12-29,127357,10,10
A,1994-12-30,191047,19,19
A,1994-12-31,70279.3999118805,272,272
A,1995-01-01,182140,26,26
A,1995-01-02,265181,30,30
A,1995-01-03,233876,29,29
A,1995-01-04,223471,28,28
A,1995-01-05,381156,36,36
A,1995-01-06,243020,32,32
A,1995-01-07,310443,30,30
A,1995-01-08,450770,37,37
A,1995-01-09,242416,32,32
A,1995-01-10,526392,52,52
A,1995-01-11,298631,36,36
A,1995-01-12,743537.9001464844,96,96
A,1995-01-13,318572,35,35
A,1995-01-14,267913,26,26
A,1995-01-15,206733,26,26
A,1995-01-16,280292,26,26
A,1995-01-17,310326,32,32
A,1995-01-18,225680,28,28
A,1995-01-19,108157,24,24
A,1995-01-20,125900,21,21
A,1995-01-21,155154,24,24
A,1995-01-22,172824,29,29
A,1995-01-23,84360,19,19
A,1995-01-24,226518,24,24
A,1995-01-25,61960,18,18
A,1995-01-26,179363,27,27
A,1995-01-27,124097,18,18
A,1995-01-28,139045,27,27
A,1995-01-29,139033,21,21
A,1995-01-30,165645,25,25
A,1995-01-31,185279.099960804,290,290
A,1995-02-01,78917,11,11
A,1995-02-02,106305,10,10
A,1995-02-03,185311,12,12
A,1995-02-04,47381,7,7
A,1995-02-05,236572,19,19
A,1995-02-06,102933,13,13
A,1995-02-07,236898,22,22
A,1995-02-08,406232,20,20
A,1995-02-09,227689,21,21
A,1995-02-10,257732,24,24
A,1995-02-11,393036,21,21
A,1995-02-12,483628.6003417969,68,68
A,1995-02-13,199442,17,17
A,1995-02-14,209762,20,20
A,1995-02-15,197470,16,16
A,1995-02-16,135228,8,8
A,1995-02-17,227833,14,14
A,1995-02-18,77965,9,9
A,1995-02-19,43560,5,5
A,1995-02-20,120241,10,10
A,1995-02-21,161129,10,10
A,1995-02-22,95287,6,6
A,1995-02-23,92889,10,10
A,1995-02-24,72071,5,5
A,1995-02-25,84521,13,13
A,1995-02-26,69497,5,5
A,1995-02-27,167801,11,11
A,1995-02-28,137400.90004050732,300,300
A,1995-03-01,118394,9,9
A,1995-03-02,199147,12,12
A,1995-03-03,107576,13,13
A,1995-03-04,109235,11,11
A,1995-03-05,459667,30,30
A,1995-03-06,174547,15,15
A,1995-03-07,250690,21,21
A,1995-03-08,383006,25,25
A,1995-03-09,244064,14,14
A,1995-03-10,279404,24,24
A,1995-03-11,231608,20,20
A,1995-03-12,467381.99951171875,74,74
A,1995-03-13,259114,23,23
A,1995-03-14,170865,17,17
A,1995-03-15,312206,15,15
A,1995-03-16,114647,10,10
A,1995-03-17,130750,11,11
A,1995-03-18,201892,15,15
A,1995-03-19,155742,10,10
A,1995-03-20,155095,13,13
A,1995-03-21,74903,6,6
A,1995-03-22,70070,6,6
A,1995-03-23,219848,11,11
A,1995-03-24,35148,6,6
A,1995-03-25,268968,15,15
A,1995-03-26,50000,4,4
A,1995-03-27,82410,11,11
A,1995-03-28,208132,13,13
A,1995-03-29,163563,9,9
A,1995-03-30,196602,13,13
A,1995-03-31,135580.20016670227,299,299
A,1995-04-01,223020,14,14
A,1995-04-02,85077,10,10
A,1995-04-03,131390,10,10
A,1995-04-04,211505,10,10
A,1995-04-05,393668,25,25
A,1995-04-06,179480,17,17
A,1995-04-07,287856,27,27
A,1995-04-08,253512,20,20
A,1995-04-09,169631,17,17
A,1995-04-10,352555,24,24
A,1995-04-11,249763,21,21
A,1995-04-12,579767.6997070312,78,78
A,1995-04-13,203637,22,22
A,1995-04-14,128681,15,15
A,1995-04-15,73600,9,9
A,1995-04-16,180462,11,11
A,1995-04-17,125671,9,9
A,1995-04-18,138227,12,12
A,1995-04-19,61071,9,9
A,1995-04-20,196832,14,14
A,1995-04-21,141120,9,9
A,1995-04-22,144664,12,12
A,1995-04-23,160461,7,7
A,1995-04-24,188316,12,12
A,1995-04-25,45195,5,5
A,1995-04-26,165865,15,15
A,1995-04-27,209141,10,10
A,1995-04-28,62749,6,6
A,1995-04-29,155243,13,13
A,1995-04-30,118501.00008010864,304,304
A,1995-05-01,146395,11,11
A,1995-05-02,198352,14,14
A,1995-05-03,221316,12,12
A,1995-05-04,165728,12,12
A,1995-05-05,380733,23,23
A,1995-05-06,165435,17,17
A,1995-05-07,431963,28,28
A,1995-05-08,378864,24,24
A,1995-05-09,355832,26,26
A,1995-05-10,301111,27,27
A,1995-05-11,201732,24,24
A,1995-05-12,436603.1999511719,75,75
A,1995-05-13,184003,21,21
A,1995-05-14,257891,25,25
A,1995-05-15,228416,13,13
A,1995-05-16,111704,11,11
A,1995-05-17,66120,10,10
A,1995-05-18,87117,8,8
A,1995-05-19,117200,10,10
A,1995-05-20,346923,19,19
A,1995-05-21,177349,14,14
A,1995-05-22,165954,10,10
A,1995-05-23,110817,8,8
A,1995-05-24,63500,4,4
A,1995-05-25,89009,6,6
A,1995-05-26,189874,13,13
A,1995-05-27,260740,15,15
A,1995-05-28,279127,20,20
A,1995-05-29,187309,15,15
A,1995-05-30,188028,14,14
A,1995-05-31,81962.09992218018,310,310
A,1995-06-01,117459,15,15
A,1995-06-02,210107,10,10
A,1995-06-03,129632,7,7
A,1995-06-04,93323,9,9
A,1995-06-05,557140,31,31
A,1995-06-06,309436,23,23
A,1995-06-07,393207.5,27,27
A,1995-06-08,587575,30,30
A,1995-06-09,415528.5,25,25
A,1995-06-10,445744,30,30
A,1995-06-11,324239,23,23
A,1995-06-12,617692.6003417969,76,76
A,1995-06-13,564203,29,29
A,1995-06-14,386875,25,25
A,1995-06-15,117223,14,14
A,1995-06-16,313697,17,17
A,1995-06-17,237611,15,15
A,1995-06-18,135054,8,8
A,1995-06-19,207956,14,14
A,1995-06-20,157786,11,11
A,1995-06-21,144196,12,12
A,1995-06-22,121066,8,8
A,1995-06-23,157555,10,10
A,1995-06-24,289326,11,11
A,1995-06-25,143706,16,16
A,1995-06-26,148673,11,11
A,1995-06-27,146250,13,13
A,1995-06-28,117534,11,11
A,1995-06-29,154983,14,14
A,1995-06-30,169384.9000492096,318,318
A,1995-07-01,139778,13,13
A,1995-07-02,107832,10,10
A,1995-07-03,370598,17,17
A,1995-07-04,237803,17,17
A,1995-07-05,453173,31,31
A,1995-07-06,271976,22,22
A,1995-07-07,337953,31,31
A,1995-07-08,508615,29,29
A,1995-07-09,273731,24,24
A,1995-07-10,370958,28,28
A,1995-07-11,322252,26,26
A,1995-07-12,445602.0993652344,80,80
A,1995-07-13,351393,24,24
A,1995-07-14,304417,29,29
A,1995-07-15,129863,10,10
A,1995-07-16,130918,12,12
A,1995-07-17,205086,16,16
A,1995-07-18,48840,8,8
A,1995-07-19,182414,9,9
A,1995-07-20,48400,5,5
A,1995-07-21,186836,11,11
A,1995-07-22,109358,6,6
A,1995-07-23,60716,7,7
A,1995-07-24,84127,4,4
A,1995-07-25,124101,11,11
A,1995-07-26,170635,12,12
A,1995-07-27,39980,6,6
A,1995-07-28,230066,15,15
A,1995-07-29,102538,8,8
A,1995-07-30,213016,12,12
A,1995-07-31,155527.7000541687,327,327
A,1995-08-01,118489,11,11
A,1995-08-02,269675,16,16
A,1995-08-03,132287,11,11
A,1995-08-04,33800,6,6
A,1995-08-05,455907,32,32
A,1995-08-06,143523,19,19
A,1995-08-07,276469,25,25
A,1995-08-08,412288,23,23
A,1995-08-09,270668,25,25
A,1995-08-10,303494,25,25
A,1995-08-11,265446,26,26
A,1995-08-12,372213.2998046875,71,71
A,1995-08-13,278709,28,28
A,1995-08-14,310827,25,25
A,1995-08-15,149910,9,9
A,1995-08-16,115797,12,12
A,1995-08-17,126335,12,12
A,1995-08-18,109379,15,15
A,1995-08-19,122263,6,6
A,1995-08-20,62693,7,7
A,1995-08-21,45510,9,9
A,1995-08-22,198568,11,11
A,1995-08-23,159823,7,7
A,1995-08-24,340420,18,18
A,1995-08-25,136540,7,7
A,1995-08-26,162793,14,14
A,1995-08-27,127475,11,11
A,1995-08-28,333298,15,15
A,1995-08-29,160965,9,9
A,1995-08-30,124828,11,11
A,1995-08-31,132139.1000480652,323,323
A,1995-09-01,295784,16,16
A,1995-09-02,119322,10,10
A,1995-09-03,90424,8,8
A,1995-09-04,212793,11,11
A,1995-09-05,530502,34,34
A,1995-09-06,285117,24,24
A,1995-09-07,252061,28,28
A,1995-09-08,286496,20,20
A,1995-09-09,265164,22,22
A,1995-09-10,233751,22,22
A,1995-09-11,327564,23,23
A,1995-09-12,497107.30029296875,81,81
A,1995-09-13,248157,27,27
A,1995-09-14,314706,24,24
A,1995-09-15,276678,20,20
A,1995-09-16,78850,9,9
A,1995-09-17,184999,14,14
A,1995-09-18,53600,6,6
A,1995-09-19,110545,8,8
A,1995-09-20,96966,6,6
A,1995-09-21,100762,7,7
A,1995-09-22,151052,9,9
A,1995-09-23,192037,15,15
A,1995-09-24,49822,6,6
A,1995-09-25,153814,12,12
A,1995-09-26,203983,14,14
A,1995-09-27,64045,9,9
A,1995-09-28,142357,10,10
A,1995-09-29,132894,13,13
A,1995-09-30,279966.2000579834,330,330
A,1995-10-01,113908,8,8
A,1995-10-02,164423,14,14
A,1995-10-03,63196,10,10
A,1995-10-04,171126,12,12
A,1995-10-05,346907,27,27
A,1995-10-06,244059,23,23
A,1995-10-07,448743,33,33
A,1995-10-08,469486,26,26
A,1995-10-09,249099,25,25
A,1995-10-10,460568,29,29
A,1995-10-11,269365,26,26
A,1995-10-12,481242.6999511719,76,76
A,1995-10-13,290927,29,29
A,1995-10-14,269291,25,25
A,1995-10-15,102137,11,11
A,1995-10-16,84189,11,11
A,1995-10-17,216487,15,15
A,1995-10-18,101808,10,10
A,1995-10-19,132329,11,11
A,1995-10-20,20580,4,4
A,1995-10-21,113929,9,9
A,1995-10-22,88943,7,7
A,1995-10-23,183830,13,13
A,1995-10-24,48548,9,9
A,1995-10-25,114956,8,8
A,1995-10-26,100574,9,9
A,1995-10-27,313354,18,18
A,1995-10-28,223672,16,16
A,1995-10-29,141729,10,10
A,1995-10-30,100008,10,10
A,1995-10-31,151418.30003547668,332,332
A,1995-11-01,175523,15,15
A,1995-11-02,91941,10,10
A,1995-11-03,106131,9,9
A,1995-11-04,248677,17,17
A,1995-11-05,512811,34,34
A,1995-11-06,245379,24,24
A,1995-11-07,257900,29,29
A,1995-11-08,482066,26,26
A,1995-11-09,171223,21,21
A,1995-11-10,325199,29,29
A,1995-11-11,272565,29,29
A,1995-11-12,541428.7001953125,80,80
A,1995-11-13,275566,29,29
A,1995-11-14,326116,28,28
A,1995-11-15,110327,13,13
A,1995-11-16,131342,13,13
A,1995-11-17,149026,14,14
A,1995-11-18,91215,11,11
A,1995-11-19,103389,9,9
A,1995-11-20,153899,9,9
A,1995-11-21,84939,7,7
A,1995-11-22,212409,18,18
A,1995-11-23,120161,9,9
A,1995-11-24,98906,8,8
A,1995-11-25,163548,11,11
A,1995-11-26,206118,12,12
A,1995-11-27,83711,11,11
A,1995-11-28,137988,13,13
A,1995-11-29,50185,8,8
A,1995-11-30,112082.29999732971,338,338
A,1995-12-01,205362,17,17
A,1995-12-02,322504,22,22
A,1995-12-03,99324,12,12
A,1995-12-04,120614,13,13
A,1995-12-05,560538,35,35
A,1995-12-06,349044,28,28
A,1995-12-07,475560.5,32,32
A,1995-12-08,603193,30,30
A,1995-12-09,294408.5,23,23
A,1995-12-10,456847,33,33
A,1995-12-11,480972,37,37
A,1995-12-12,525774,86,86
A,1995-12-13,522456,33,33
A,1995-12-14,352114,27,27
A,1995-12-15,68100,12,12
A,1995-12-16,158969,14,14
A,1995-12-17,177534,11,11
A,1995-12-18,160923,14,14
A,1995-12-19,340962,17,17
A,1995-12-20,185143,14,14
A,1995-12-21,170626,13,13
A,1995-12-22,267175,22,22
A,1995-12-23,164126,13,13
A,1995-12-24,184463,18,18
A,1995-12-25,219795,19,19
A,1995-12-26,293287,21,21
A,1995-12-27,136987,12,12
A,1995-12-28,311775,21,21
A,1995-12-29,118598,15,15
A,1995-12-30,143905,12,12
A,1995-12-31,113716.79999351501,339,339
A,1996-01-01,233198,27,27
A,1996-01-02,217236,28,28
A,1996-01-03,321227,36,36
A,1996-01-04,342871,38,38
A,1996-01-05,564867,59,59
A,1996-01-06,393970,43,43
A,1996-01-07,455360,49,49
A,1996-01-08,671704,53,53
A,1996-01-09,422451,43,43
A,1996-01-10,437307,53,53
A,1996-01-11,478070,53,53
A,1996-01-12,644431.5002441406,112,112
A,1996-01-13,483244,53,53
A,1996-01-14,428052,46,46
A,1996-01-15,210432,34,34
A,1996-01-16,254945,30,30
A,1996-01-17,301690,31,31
A,1996-01-18,364753,30,30
A,1996-01-19,197200,24,24
A,1996-01-20,220335,24,24
A,1996-01-21,135820,24,24
A,1996-01-22,215538,34,34
A,1996-01-23,357598,30,30
A,1996-01-24,242826,30,30
A,1996-01-25,243212,33,33
A,1996-01-26,159804,21,21
A,1996-01-27,231523,25,25
A,1996-01-28,218983,33,33
A,1996-01-29,287242,27,27
A,1996-01-30,241890,30,30
A,1996-01-31,129427.90003108978,347,347
A,1996-02-01,88778,9,9
A,1996-02-02,231328,16,16
A,1996-02-03,123802,12,12
A,1996-02-04,132171,16,16
A,1996-02-05,451336,33,33
A,1996-02-06,157050,22,22
A,1996-02-07,369539,29,29
A,1996-02-08,368382,26,26
A,1996-02-09,138198,20,20
A,1996-02-10,286562,34,34
A,1996-02-11,353090,31,31
A,1996-02-12,576664.0007324219,87,87
A,1996-02-13,244441,29,29
A,1996-02-14,253433,24,24
A,1996-02-15,56397,5,5
A,1996-02-16,116294,11,11
A,1996-02-17,102465,9,9
A,1996-02-18,127104,10,10
A,1996-02-19,58207,6,6
A,1996-02-20,358929,20,20
A,1996-02-21,149390,13,13
A,1996-02-22,106530,12,12
A,1996-02-23,207876,13,13
A,1996-02-24,112086,13,13
A,1996-02-25,242331,13,13
A,1996-02-26,174839,19,19
A,1996-02-27,101663,10,10
A,1996-02-28,117953,8,8
A,1996-02-29,215490.0001001358,352,352
A,1996-03-01,135870,8,8
A,1996-03-02,183399,13,13
A,1996-03-03,225564,14,14
A,1996-03-04,138990,15,15
A,1996-03-05,496242,40,40
A,1996-03-06,289197,29,29
A,1996-03-07,242201,26,26
A,1996-03-08,467484,29,29
A,1996-03-09,275161,26,26
A,1996-03-10,269752,29,29
A,1996-03-11,252091,24,24
A,1996-03-12,484172.30078125,83,83
A,1996-03-13,233405,28,28
A,1996-03-14,328128,23,23
A,1996-03-15,214996,19,19
A,1996-03-16,70171,10,10
A,1996-03-17,244962,13,13
A,1996-03-18,93835,7,7
A,1996-03-19,111045,10,10
A,1996-03-20,159495,9,9
A,1996-03-21,263103,20,20
A,1996-03-22,63751,8,8
A,1996-03-23,213040,10,10
A,1996-03-24,265477,14,14
A,1996-03-25,110209,10,10
A,1996-03-26,283285,14,14
A,1996-03-27,178926,15,15
A,1996-03-28,183839,16,16
A,1996-03-29,147699,12,12
A,1996-03-30,148767,12,12
A,1996-03-31,141990.8000202179,355,355
A,1996-04-01,302150,15,15
A,1996-04-02,232429,14,14
A,1996-04-03,60700,10,10
A,1996-04-04,201320,16,16
A,1996-04-05,554132,38,38
A,1996-04-06,308021,22,22
A,1996-04-07,273576,27,27
A,1996-04-08,502131,29,29
A,1996-04-09,231505,26,26
A,1996-04-10,460608,33,33
A,1996-04-11,323019,32,32
A,1996-04-12,633775.3000488281,85,85
A,1996-04-13,323513,35,35
A,1996-04-14,287267,25,25
A,1996-04-15,123046,13,13
A,1996-04-16,141029,8,8
A,1996-04-17,121391,10,10
A,1996-04-18,165872,13,13
A,1996-04-19,63062,5,5
A,1996-04-20,270355,18,18
A,1996-04-21,180610,12,12
A,1996-04-22,191385,11,11
A,1996-04-23,84485,9,9
A,1996-04-24,122263,11,11
A,1996-04-25,250105,14,14
A,1996-04-26,252792,22,22
A,1996-04-27,399922,15,15
A,1996-04-28,226351,11,11
A,1996-04-29,120348,11,11
A,1996-04-30,79390.50014096498,363,363
A,1996-05-01,367693,20,20
A,1996-05-02,363354,19,19
A,1996-05-03,99491,13,13
A,1996-05-04,351099,19,19
A,1996-05-05,491259,38,38
A,1996-05-06,114418,17,17
A,1996-05-07,357276,29,29
A,1996-05-08,336570,27,27
A,1996-05-09,208118,24,24
A,1996-05-10,486865,37,37
A,1996-05-11,329001,36,36
A,1996-05-12,501726.6003417969,76,76
A,1996-05-13,282052,34,34
A,1996-05-14,455659,29,29
A,1996-05-15,145425,11,11
A,1996-05-16,272879,20,20
A,1996-05-17,115321,13,13
A,1996-05-18,169930,11,11
A,1996-05-19,94446,8,8
A,1996-05-20,319522,18,18
A,1996-05-21,176242,12,12
A,1996-05-22,301100,17,17
A,1996-05-23,92123,10,10
A,1996-05-24,156121,12,12
A,1996-05-25,149374,10,10
A,1996-05-26,264118,15,15
A,1996-05-27,200792,11,11
A,1996-05-28,177281,11,11
A,1996-05-29,137968,13,13
A,1996-05-30,138824,12,12
A,1996-05-31,206230.80008506775,376,376
A,1996-06-01,263138,19,19
A,1996-06-02,218985,13,13
A,1996-06-03,166056,21,21
A,1996-06-04,377934,23,23
A,1996-06-05,705919,39,39
A,1996-06-06,320311,28,28
A,1996-06-07,589092.5,35,35
A,1996-06-08,811140,36,36
A,1996-06-09,496640.5,31,31
A,1996-06-10,522207,35,35
A,1996-06-11,414955,38,38
A,1996-06-12,517920.900390625,79,79
A,1996-06-13,544947,37,37
A,1996-06-14,762839.5,36,36
A,1996-06-15,189322,15,15
A,1996-06-16,98903,10,10
A,1996-06-17,138051,11,11
A,1996-06-18,206573,12,12
A,1996-06-19,192265,15,15
A,1996-06-20,228645,15,15
A,1996-06-21,260896,17,17
A,1996-06-22,254869,16,16
A,1996-06-23,260373,12,12
A,1996-06-24,93488,10,10
A,1996-06-25,216904,18,18
A,1996-06-26,179354,13,13
A,1996-06-27,139601,10,10
A,1996-06-28,95735,9,9
A,1996-06-29,98424,9,9
A,1996-06-30,309214.2999744415,390,390
A,1996-07-01,144409,15,15
A,1996-07-02,207167,12,12
A,1996-07-03,166803,14,14
A,1996-07-04,255336,16,16
A,1996-07-05,560410,40,40
A,1996-07-06,243507,28,28
A,1996-07-07,380638,30,30
A,1996-07-08,592095,35,35
A,1996-07-09,430613,32,32
A,1996-07-10,399004,37,37
A,1996-07-11,410716,35,35
A,1996-07-12,443034.5009765625,75,75
A,1996-07-13,272740,29,29
A,1996-07-14,465844,30,30
A,1996-07-15,241594,15,15
A,1996-07-16,143975,13,13
A,1996-07-17,119616,15,15
A,1996-07-18,223803,16,16
A,1996-07-19,173912,21,21
A,1996-07-20,146772,13,13
A,1996-07-21,348267,20,20
A,1996-07-22,233041,15,15
A,1996-07-23,204062,9,9
A,1996-07-24,72800,10,10
A,1996-07-25,231734,17,17
A,1996-07-26,219887,12,12
A,1996-07-27,185044,12,12
A,1996-07-28,145296,13,13
A,1996-07-29,205192,14,14
A,1996-07-30,287421,17,17
A,1996-07-31,295944.59994497895,400,400
A,1996-08-01,135400,13,13
A,1996-08-02,262951,22,22
A,1996-08-03,503554,27,27
A,1996-08-04,119002,12,12
A,1996-08-05,433808,38,38
A,1996-08-06,345051,24,24
A,1996-08-07,426638,34,34
A,1996-08-08,327567,32,32
A,1996-08-09,358190,32,32
A,1996-08-10,462872,41,41
A,1996-08-11,378951,36,36
A,1996-08-12,641118.0004882812,85,85
A,1996-08-13,239462,30,30
A,1996-08-14,516228,33,33
A,1996-08-15,80001,7,7
A,1996-08-16,402909,20,20
A,1996-08-17,351852,16,16
A,1996-08-18,351598,22,22
A,1996-08-19,274074,15,15
A,1996-08-20,105640,10,10
A,1996-08-21,203276,17,17
A,1996-08-22,257639,17,17
A,1996-08-23,201039,13,13
A,1996-08-24,284344,17,17
A,1996-08-25,137902,13,13
A,1996-08-26,259427,14,14
A,1996-08-27,152470,13,13
A,1996-08-28,215564,13,13
A,1996-08-29,58182,9,9
A,1996-08-30,199884,15,15
A,1996-08-31,213320.20004236698,412,412
A,1996-09-01,207595,18,18
A,1996-09-02,194100,17,17
A,1996-09-03,336067,15,15
A,1996-09-04,312900,17,17
A,1996-09-05,686602,45,45
A,1996-09-06,453928,32,32
A,1996-09-07,364984,30,30
A,1996-09-08,558377,46,46
A,1996-09-09,370623,33,33
A,1996-09-10,222021,29,29
A,1996-09-11,328578,33,33
A,1996-09-12,461579.7998046875,78,78
A,1996-09-13,325306,35,35
A,1996-09-14,388867,38,38
A,1996-09-15,332142,21,21
A,1996-09-16,127965,11,11
A,1996-09-17,220957,18,18
A,1996-09-18,269052,15,15
A,1996-09-19,170900,13,13
A,1996-09-20,187973,13,13
A,1996-09-21,132090,14,14
A,1996-09-22,183378,14,14
A,1996-09-23,135006,15,15
A,1996-09-24,307829,14,14
A,1996-09-25,285682,19,19
A,1996-09-26,222298,12,12
A,1996-09-27,200118,18,18
A,1996-09-28,58140,9,9
A,1996-09-29,355924,21,21
A,1996-09-30,197860.40009937435,421,421
A,1996-10-01,261005,14,14
A,1996-10-02,256153,17,17
A,1996-10-03,215292,13,13
A,1996-10-04,214074,10,10
A,1996-10-05,624762,46,46
A,1996-10-06,236259,29,29
A,1996-10-07,541787,38,38
A,1996-10-08,551445,44,44
A,1996-10-09,287340,29,29
A,1996-10-10,194745,25,25
A,1996-10-11,288159,39,39
A,1996-10-12,536664.900390625,81,81
A,1996-10-13,301015,32,32
A,1996-10-14,294882,30,30
A,1996-10-15,195469,15,15
A,1996-10-16,221655,18,18
A,1996-10-17,187879,18,18
A,1996-10-18,277579,19,19
A,1996-10-19,153074,14,14
A,1996-10-20,362080,20,20
A,1996-10-21,175973,16,16
A,1996-10-22,230255,20,20
A,1996-10-23,149711,15,15
A,1996-10-24,156058,14,14
A,1996-10-25,285899,18,18
A,1996-10-26,149846,12,12
A,1996-10-27,202536,11,11
A,1996-10-28,333827,20,20
A,1996-10-29,147295,14,14
A,1996-10-30,247016,20,20
A,1996-10-31,340103.50005779415,428,428
A,1996-11-01,166103,15,15
A,1996-11-02,239024,13,13
A,1996-11-03,165130,9,9
A,1996-11-04,212026,17,17
A,1996-11-05,507579,36,36
A,1996-11-06,385527,39,39
A,1996-11-07,474972,35,35
A,1996-11-08,536432,44,44
A,1996-11-09,326448,33,33
A,1996-11-10,387953,35,35
A,1996-11-11,231527,35,35
A,1996-11-12,448529.0002441406,72,72
A,1996-11-13,314013,34,34
A,1996-11-14,499619,46,46
A,1996-11-15,498848,24,24
A,1996-11-16,187876,14,14
A,1996-11-17,306150,21,21
A,1996-11-18,193264,12,12
A,1996-11-19,318905,18,18
A,1996-11-20,205498,14,14
A,1996-11-21,374048,22,22
A,1996-11-22,191964,16,16
A,1996-11-23,192136,13,13
A,1996-11-24,177378,12,12
A,1996-11-25,297471,21,21
A,1996-11-26,180566,13,13
A,1996-11-27,112247,10,10
A,1996-11-28,126262,11,11
A,1996-11-29,299252,15,15
A,1996-11-30,290933.19995480776,430,430
A,1996-12-01,173757,25,25
A,1996-12-02,279073,20,20
A,1996-12-03,179287,16,16
A,1996-12-04,103744,12,12
A,1996-12-05,713050,45,45
A,1996-12-06,522628.5,44,44
A,1996-12-07,510896.5,40,40
A,1996-12-08,835859,47,47
A,1996-12-09,622484.5,36,36
A,1996-12-10,611052,48,48
A,1996-12-11,395905,47,47
A,1996-12-12,660373.9008789062,82,82
A,1996-12-13,472441,49,49
A,1996-12-14,568019,41,41
A,1996-12-15,123789,13,13
A,1996-12-16,335654,30,30
A,1996-12-17,194458,15,15
A,1996-12-18,271210,22,22
A,1996-12-19,178811,18,18
A,1996-12-20,263646,20,20
A,1996-12-21,231266,26,26
A,1996-12-22,215321,21,21
A,1996-12-23,186475,16,16
A,1996-12-24,279775,22,22
A,1996-12-25,321233,25,25
A,1996-12-26,160951,10,10
A,1996-12-27,281271,23,23
A,1996-12-28,162345,19,19
A,1996-12-29,312588,22,22
A,1996-12-30,329705,25,25
A,1996-12-31,169461.60011863708,425,425
A,1997-01-01,247913,37,37
A,1997-01-02,142872,31,31
A,1997-01-03,236658,36,36
A,1997-01-04,472460,51,51
A,1997-01-05,741132,61,61
A,1997-01-06,509754,63,63
A,1997-01-07,545591,57,57
A,1997-01-08,501840,67,67
A,1997-01-09,494634,57,57
A,1997-01-10,728484,76,76
A,1997-01-11,535147,65,65
A,1997-01-12,546434.2009277344,97,97
A,1997-01-13,574806,64,64
A,1997-01-14,486949,58,58
A,1997-01-15,274706,35,35
A,1997-01-16,313653,37,37
A,1997-01-17,217348,35,35
A,1997-01-18,533347,51,51
A,1997-01-19,237300,36,36
A,1997-01-20,341171,34,34
A,1997-01-21,279934,39,39
A,1997-01-22,266657,36,36
A,1997-01-23,278980,33,33
A,1997-01-24,192350,31,31
A,1997-01-25,230879,32,32
A,1997-01-26,150509,25,25
A,1997-01-27,232607,33,33
A,1997-01-28,195488,30,30
A,1997-01-29,472470,41,41
A,1997-01-30,228061,30,30
A,1997-01-31,145840.40004062653,426,426
A,1997-02-01,130034,10,10
A,1997-02-02,233034,16,16
A,1997-02-03,138261,11,11
A,1997-02-04,300076,24,24
A,1997-02-05,513443,45,45
A,1997-02-06,332532,38,38
A,1997-02-07,351794,31,31
A,1997-02-08,501611,41,41
A,1997-02-09,242854,27,27
A,1997-02-10,444684,38,38
A,1997-02-11,416767,34,34
A,1997-02-12,550604.3010253906,77,77
A,1997-02-13,199093,28,28
A,1997-02-14,408074,40,40
A,1997-02-15,119100,15,15
A,1997-02-16,193843,15,15
A,1997-02-17,90651,12,12
A,1997-02-18,113734,10,10
A,1997-02-19,159322,16,16
A,1997-02-20,387446,21,21
A,1997-02-21,206384,14,14
A,1997-02-22,171973,13,13
A,1997-02-23,182597,15,15
A,1997-02-24,197347,13,13
A,1997-02-25,103226,10,10
A,1997-02-26,245681,13,13
A,1997-02-27,153391,11,11
A,1997-02-28,351133.1000432074,441,441
A,1997-03-01,200363,14,14
A,1997-03-02,155470,14,14
A,1997-03-03,196666,13,13
A,1997-03-04,367583,19,19
A,1997-03-05,729933,52,52
A,1997-03-06,406564,36,36
A,1997-03-07,565220,44,44
A,1997-03-08,661843,47,47
A,1997-03-09,201014,22,22
A,1997-03-10,549838,44,44
A,1997-03-11,340621,35,35
A,1997-03-12,548339.1003417969,77,77
A,1997-03-13,237662,34,34
A,1997-03-14,513585,39,39
A,1997-03-15,90500,12,12
A,1997-03-16,355518,27,27
A,1997-03-17,253489,19,19
A,1997-03-18,343063,19,19
A,1997-03-19,332388,17,17
A,1997-03-20,78808,15,15
A,1997-03-21,80300,11,11
A,1997-03-22,151696,13,13
A,1997-03-23,182594,18,18
A,1997-03-24,223487,12,12
A,1997-03-25,221060,18,18
A,1997-03-26,216222,13,13
A,1997-03-27,227247,16,16
A,1997-03-28,192083,15,15
A,1997-03-29,101944,16,16
A,1997-03-30,233262,15,15
A,1997-03-31,437016.8999052048,449,449
A,1997-04-01,227567,12,12
A,1997-04-02,201729,15,15
A,1997-04-03,204341,13,13
A,1997-04-04,97772,11,11
A,1997-04-05,783965,55,55
A,1997-04-06,270677,31,31
A,1997-04-07,495698,41,41
A,1997-04-08,506844,40,40
A,1997-04-09,386330,37,37
A,1997-04-10,356021,34,34
A,1997-04-11,218643,30,30
A,1997-04-12,458274.4006347656,76,76
A,1997-04-13,306704,30,30
A,1997-04-14,406777,35,35
A,1997-04-15,164211,21,21
A,1997-04-16,211483,18,18
A,1997-04-17,307902,21,21
A,1997-04-18,246415,22,22
A,1997-04-19,182551,16,16
A,1997-04-20,176136,16,16
A,1997-04-21,260467,23,23
A,1997-04-22,119789,12,12
A,1997-04-23,219879,16,16
A,1997-04-24,341015,20,20
A,1997-04-25,141883,13,13
A,1997-04-26,219933,17,17
A,1997-04-27,150487,13,13
A,1997-04-28,155361,13,13
A,1997-04-29,240038,18,18
A,1997-04-30,373278.00012397766,448,448
A,1997-05-01,109948,8,8
A,1997-05-02,291736,18,18
A,1997-05-03,116925,10,10
A,1997-05-04,110856,11,11
A,1997-05-05,641137,47,47
A,1997-05-06,299948,35,35
A,1997-05-07,365650,32,32
A,1997-05-08,541123,37,37
A,1997-05-09,328522,33,33
A,1997-05-10,390989,36,36
A,1997-05-11,390109,36,36
A,1997-05-12,502392.6003417969,77,77
A,1997-05-13,252218,28,28
A,1997-05-14,562644,44,44
A,1997-05-15,113217,14,14
A,1997-05-16,139349,15,15
A,1997-05-17,282533,15,15
A,1997-05-18,206153,20,20
A,1997-05-19,114202,14,14
A,1997-05-20,224415,16,16
A,1997-05-21,444013,26,26
A,1997-05-22,145154,14,14
A,1997-05-23,213589,15,15
A,1997-05-24,313531,18,18
A,1997-05-25,231002,14,14
A,1997-05-26,248709,16,16
A,1997-05-27,235454,15,15
A,1997-05-28,345063,21,21
A,1997-05-29,435693,26,26
A,1997-05-30,281032,20,20
A,1997-05-31,283283.39992022514,438,438
A,1997-06-01,275613,20,20
A,1997-06-02,281537,15,15
A,1997-06-03,120181,11,11
A,1997-06-04,185420,18,18
A,1997-06-05,983540,49,49
A,1997-06-06,425478,38,38
A,1997-06-07,361840,38,38
A,1997-06-08,908743,46,46
A,1997-06-09,500376.5,42,42
A,1997-06-10,506292,35,35
A,1997-06-11,558055,37,37
A,1997-06-12,696774.0009765625,90,90
A,1997-06-13,444069,33,33
A,1997-06-14,867358.5,48,48
A,1997-06-15,287307,19,19
A,1997-06-16,337554,22,22
A,1997-06-17,265386,19,19
A,1997-06-18,219933,16,16
A,1997-06-19,366260,21,21
A,1997-06-20,435476,29,29
A,1997-06-21,233599,17,17
A,1997-06-22,254428,16,16
A,1997-06-23,320919,18,18
A,1997-06-24,535907,26,26
A,1997-06-25,120381,10,10
A,1997-06-26,325089,23,23
A,1997-06-27,441934,22,22
A,1997-06-28,299942,19,19
A,1997-06-29,269432,22,22
A,1997-06-30,385687.6999515593,453,453
A,1997-07-01,248753,16,16
A,1997-07-02,155430,13,13
A,1997-07-03,149118,16,16
A,1997-07-04,176833,16,16
A,1997-07-05,518176,45,45
A,1997-07-06,447361,37,37
A,1997-07-07,432758,43,43
A,1997-07-08,593600,46,46
A,1997-07-09,317014,34,34
A,1997-07-10,330049,37,37
A,1997-07-11,349462,37,37
A,1997-07-12,541151.9995117188,77,77
A,1997-07-13,382642,35,35
A,1997-07-14,430808,42,42
A,1997-07-15,169181,17,17
A,1997-07-16,426364,19,19
A,1997-07-17,479632,24,24
A,1997-07-18,181867,21,21
A,1997-07-19,123565,15,15
A,1997-07-20,365449,15,15
A,1997-07-21,229354,16,16
A,1997-07-22,186365,10,10
A,1997-07-23,197472,16,16
A,1997-07-24,124847,12,12
A,1997-07-25,226584,14,14
A,1997-07-26,323600,17,17
A,1997-07-27,162914,13,13
A,1997-07-28,332394,22,22
A,1997-07-29,202810,18,18
A,1997-07-30,107360,9,9
A,1997-07-31,226772.70000839233,444,444
A,1997-08-01,165329,11,11
A,1997-08-02,244128,22,22
A,1997-08-03,250788,15,15
A,1997-08-04,252208,20,20
A,1997-08-05,741105,51,51
A,1997-08-06,288001,33,33
A,1997-08-07,482411,36,36
A,1997-08-08,312636,44,44
A,1997-08-09,416938,40,40
A,1997-08-10,370418,32,32
A,1997-08-11,307850,35,35
A,1997-08-12,589191.4006347656,81,81
A,1997-08-13,437479,34,34
A,1997-08-14,533360,45,45
A,1997-08-15,304838,19,19
A,1997-08-16,296922,21,21
A,1997-08-17,164766,13,13
A,1997-08-18,224494,14,14
A,1997-08-19,243411,14,14
A,1997-08-20,220062,21,21
A,1997-08-21,171040,14,14
A,1997-08-22,322589,16,16
A,1997-08-23,247811,14,14
A,1997-08-24,134162,10,10
A,1997-08-25,158817,11,11
A,1997-08-26,339115,18,18
A,1997-08-27,208978,16,16
A,1997-08-28,344062,24,24
A,1997-08-29,120451,8,8
A,1997-08-30,110765,10,10
A,1997-08-31,391986.79994392395,452,452
A,1997-09-01,171526,16,16
A,1997-09-02,348936,20,20
A,1997-09-03,236510,18,18
A,1997-09-04,235330,18,18
A,1997-09-05,482969,47,47
A,1997-09-06,327815,33,33
A,1997-09-07,508244,40,40
A,1997-09-08,694826,51,51
A,1997-09-09,303858,32,32
A,1997-09-10,372521,40,40
A,1997-09-11,370136,43,43
A,1997-09-12,664193.2006835938,83,83
A,1997-09-13,259585,35,35
A,1997-09-14,460122,35,35
A,1997-09-15,250978,15,15
A,1997-09-16,312030,22,22
A,1997-09-17,406145,27,27
A,1997-09-18,400767,22,22
A,1997-09-19,338539,24,24
A,1997-09-20,371085,19,19
A,1997-09-21,220924,18,18
A,1997-09-22,275840,14,14
A,1997-09-23,150072,8,8
A,1997-09-24,409519,19,19
A,1997-09-25,299009,21,21
A,1997-09-26,408886,21,21
A,1997-09-27,400588,25,25
A,1997-09-28,343272,15,15
A,1997-09-29,172000,10,10
A,1997-09-30,578318.6000080109,456,456
A,1997-10-01,137438,12,12
A,1997-10-02,315893,19,19
A,1997-10-03,289865,22,22
A,1997-10-04,423338,26,26
A,1997-10-05,561159,42,42
A,1997-10-06,340618,36,36
A,1997-10-07,572268,40,40
A,1997-10-08,486413,39,39
A,1997-10-09,295379,32,32
A,1997-10-10,296067,32,32
A,1997-10-11,289595,32,32
A,1997-10-12,639524.3000488281,94,94
A,1997-10-13,430503,43,43
A,1997-10-14,519305,47,47
A,1997-10-15,196109,12,12
A,1997-10-16,187018,13,13
A,1997-10-17,128086,12,12
A,1997-10-18,387000,20,20
A,1997-10-19,293515,23,23
A,1997-10-20,292601,22,22
A,1997-10-21,354577,21,21
A,1997-10-22,320264,19,19
A,1997-10-23,422264,21,21
A,1997-10-24,271269,16,16
A,1997-10-25,295469,19,19
A,1997-10-26,163515,10,10
A,1997-10-27,167133,20,20
A,1997-10-28,335921,17,17
A,1997-10-29,382943,22,22
A,1997-10-30,270149,14,14
A,1997-10-31,438623.30023384094,454,454
A,1997-11-01,402070,17,17
A,1997-11-02,258604,19,19
A,1997-11-03,164136,15,15
A,1997-11-04,120064,16,16
A,1997-11-05,419508,46,46
A,1997-11-06,344995,28,28
A,1997-11-07,433996,37,37
A,1997-11-08,698188,44,44
A,1997-11-09,304423,31,31
A,1997-11-10,474762,36,36
A,1997-11-11,293056,35,35
A,1997-11-12,504019.4001464844,85,85
A,1997-11-13,403121,33,33
A,1997-11-14,451008,37,37
A,1997-11-15,184230,17,17
A,1997-11-16,239004,18,18
A,1997-11-17,229962,17,17
A,1997-11-18,311712,22,22
A,1997-11-19,142312,14,14
A,1997-11-20,458170,25,25
A,1997-11-21,108117,14,14
A,1997-11-22,217686,14,14
A,1997-11-23,361107,19,19
A,1997-11-24,217568,17,17
A,1997-11-25,201625,16,16
A,1997-11-26,177904,17,17
A,1997-11-27,293026,17,17
A,1997-11-28,386286,22,22
A,1997-11-29,198609,12,12
A,1997-11-30,287003.80016708374,449,449
A,1997-12-01,361188,22,22
A,1997-12-02,392468,25,25
A,1997-12-03,208540,25,25
A,1997-12-04,178106,21,21
A,1997-12-05,1009238,51,51
A,1997-12-06,515211.5,43,43
A,1997-12-07,549554,37,37
A,1997-12-08,693466,45,45
A,1997-12-09,389866.5,32,32
A,1997-12-10,389946,38,38
A,1997-12-11,517562,50,50
A,1997-12-12,861897.1999511719,88,88
A,1997-12-13,559497,42,42
A,1997-12-14,698304.5,45,45
A,1997-12-15,260479,26,26
A,1997-12-16,304917,27,27
A,1997-12-17,603937,33,33
A,1997-12-18,274565,30,30
A,1997-12-19,286795,22,22
A,1997-12-20,269332,22,22
A,1997-12-21,161702,17,17
A,1997-12-22,290439,22,22
A,1997-12-23,338219,20,20
A,1997-12-24,170208,18,18
A,1997-12-25,490465,28,28
A,1997-12-26,332761,23,23
A,1997-12-27,209400,18,18
A,1997-12-28,148259,14,14
A,1997-12-29,155931,22,22
A,1997-12-30,239143,26,26
A,1997-12-31,208522.6000995636,443,443
A,1998-01-01,347960,48,48
A,1998-01-02,406290,32,32
A,1998-01-03,299969,50,50
A,1998-01-04,333155,48,48
A,1998-01-05,786777,67,67
A,1998-01-06,395986,62,62
A,1998-01-07,478329,60,60
A,1998-01-08,583524,62,62
A,1998-01-09,360130,58,58
A,1998-01-10,587519,62,62
A,1998-01-11,442065,58,58
A,1998-01-12,640210.7995605469,98,98
A,1998-01-13,491413,58,58
A,1998-01-14,486631,55,55
A,1998-01-15,328460,38,38
A,1998-01-16,332924,38,38
A,1998-01-17,264359,40,40
A,1998-01-18,394573,42,42
A,1998-01-19,289386,35,35
A,1998-01-20,254722,36,36
A,1998-01-21,304550,41,41
A,1998-01-22,226307,34,34
A,1998-01-23,194390,29,29
A,1998-01-24,274335,41,41
A,1998-01-25,278900,40,40
A,1998-01-26,225371,26,26
A,1998-01-27,201278,29,29
A,1998-01-28,290194,42,42
A,1998-01-29,363416,42,42
A,1998-01-30,277964,39,39
A,1998-01-31,240190.60007858276,454,454
A,1998-02-01,304261,18,18
A,1998-02-02,178480,14,14
A,1998-02-03,365454,25,25
A,1998-02-04,53417,8,8
A,1998-02-05,472486,36,36
A,1998-02-06,299150,31,31
A,1998-02-07,303622,30,30
A,1998-02-08,337229,41,41
A,1998-02-09,361590,35,35
A,1998-02-10,319601,35,35
A,1998-02-11,478107,35,35
A,1998-02-12,536786.6003417969,74,74
A,1998-02-13,304845,35,35
A,1998-02-14,443106,37,37
A,1998-02-15,320793,19,19
A,1998-02-16,170571,24,24
A,1998-02-17,250918,18,18
A,1998-02-18,130808,13,13
A,1998-02-19,259454,17,17
A,1998-02-20,60175,8,8
A,1998-02-21,175289,17,17
A,1998-02-22,287070,15,15
A,1998-02-23,157656,14,14
A,1998-02-24,193308,14,14
A,1998-02-25,77370,7,7
A,1998-02-26,128181,7,7
A,1998-02-27,222299,12,12
A,1998-02-28,374292.7000948936,452,452
A,1998-03-01,126522,11,11
A,1998-03-02,197901,17,17
A,1998-03-03,347826,20,20
A,1998-03-04,145890,17,17
A,1998-03-05,632854,51,51
A,1998-03-06,215863,30,30
A,1998-03-07,341641,36,36
A,1998-03-08,465644,35,35
A,1998-03-09,294685,33,33
A,1998-03-10,366588,37,37
A,1998-03-11,430110,37,37
A,1998-03-12,487197.7004394531,66,66
A,1998-03-13,290018,32,32
A,1998-03-14,574004,43,43
A,1998-03-15,201381,19,19
A,1998-03-16,51500,8,8
A,1998-03-17,183074,24,24
A,1998-03-18,373290,22,22
A,1998-03-19,235658,19,19
A,1998-03-20,176252,16,16
A,1998-03-21,277713,17,17
A,1998-03-22,247939,17,17
A,1998-03-23,180307,17,17
A,1998-03-24,243316,19,19
A,1998-03-25,294738,15,15
A,1998-03-26,148760,16,16
A,1998-03-27,94022,9,9
A,1998-03-28,114781,10,10
A,1998-03-29,108693,11,11
A,1998-03-30,207704,15,15
A,1998-03-31,368995.2000389099,448,448
A,1998-04-01,245155,22,22
A,1998-04-02,327686,25,25
A,1998-04-03,149691,19,19
A,1998-04-04,218364,20,20
A,1998-04-05,632902,47,47
A,1998-04-06,411397,34,34
A,1998-04-07,292830,37,37
A,1998-04-08,476400,36,36
A,1998-04-09,278241,29,29
A,1998-04-10,530655,44,44
A,1998-04-11,314175,38,38
A,1998-04-12,491121.19921875,64,64
A,1998-04-13,354023,35,35
A,1998-04-14,448189,38,38
A,1998-04-15,159956,18,18
A,1998-04-16,234748,18,18
A,1998-04-17,269347,18,18
A,1998-04-18,106277,11,11
A,1998-04-19,238390,17,17
A,1998-04-20,233433,17,17
A,1998-04-21,111107,14,14
A,1998-04-22,119595,11,11
A,1998-04-23,134737,11,11
A,1998-04-24,285830,19,19
A,1998-04-25,417752,24,24
A,1998-04-26,234681,14,14
A,1998-04-27,163777,13,13
A,1998-04-28,333983,17,17
A,1998-04-29,229139,14,14
A,1998-04-30,302429.0999765396,450,450
A,1998-05-01,156092,16,16
A,1998-05-02,230931,20,20
A,1998-05-03,163361,13,13
A,1998-05-04,322789,24,24
A,1998-05-05,620263,42,42
A,1998-05-06,218529,27,27
A,1998-05-07,511454,38,38
A,1998-05-08,551786,38,38
A,1998-05-09,539066,36,36
A,1998-05-10,272252,28,28
A,1998-05-11,304502,36,36
A,1998-05-12,500974.8000488281,66,66
A,1998-05-13,379755,36,36
A,1998-05-14,463666,39,39
A,1998-05-15,181119,20,20
A,1998-05-16,219907,19,19
A,1998-05-17,303529,20,20
A,1998-05-18,257700,21,21
A,1998-05-19,231244,19,19
A,1998-05-20,176404,13,13
A,1998-05-21,133429,11,11
A,1998-05-22,246007,18,18
A,1998-05-23,272764,16,16
A,1998-05-24,204689,15,15
A,1998-05-25,236374,23,23
A,1998-05-26,174873,11,11
A,1998-05-27,69644,8,8
A,1998-05-28,91578,8,8
A,1998-05-29,205264,13,13
A,1998-05-30,123853,14,14
A,1998-05-31,592786.9001655579,462,462
A,1998-06-01,322569,18,18
A,1998-06-02,195027,19,19
A,1998-06-03,375960,30,30
A,1998-06-04,333830,19,19
A,1998-06-05,850239,58,58
A,1998-06-06,320771.5,32,32
A,1998-06-07,654947,39,39
A,1998-06-08,641244,35,35
A,1998-06-09,450916,37,37
A,1998-06-10,477827,39,39
A,1998-06-11,489189,37,37
A,1998-06-12,581300.9997558594,66,66
A,1998-06-13,479821,43,43
A,1998-06-14,897662,55,55
A,1998-06-15,285244,22,22
A,1998-06-16,251486,23,23
A,1998-06-17,311272,19,19
A,1998-06-18,434387,24,24
A,1998-06-19,238588,15,15
A,1998-06-20,112427,11,11
A,1998-06-21,343735,22,22
A,1998-06-22,285453,19,19
A,1998-06-23,264742,17,17
A,1998-06-24,541594,26,26
A,1998-06-25,215749,15,15
A,1998-06-26,96265,9,9
A,1998-06-27,318821,19,19
A,1998-06-28,263149,19,19
A,1998-06-29,298403,19,19
A,1998-06-30,359177.1000804901,451,451
A,1998-07-01,285603,18,18
A,1998-07-02,55940,15,15
A,1998-07-03,236154,23,23
A,1998-07-04,106762,10,10
A,1998-07-05,626823,45,45
A,1998-07-06,509448,40,40
A,1998-07-07,497166,41,41
A,1998-07-08,618951,36,36
A,1998-07-09,311789,34,34
A,1998-07-10,393587,43,43
A,1998-07-11,454788,34,34
A,1998-07-12,576877.7995605469,60,60
A,1998-07-13,444361,40,40
A,1998-07-14,608467,43,43
A,1998-07-15,199318,16,16
A,1998-07-16,214920,22,22
A,1998-07-17,234579,19,19
A,1998-07-18,340431,21,21
A,1998-07-19,220169,16,16
A,1998-07-20,169429,18,18
A,1998-07-21,236224,24,24
A,1998-07-22,136463,16,16
A,1998-07-23,368124,25,25
A,1998-07-24,358867,20,20
A,1998-07-25,191390,10,10
A,1998-07-26,125354,11,11
A,1998-07-27,144821,12,12
A,1998-07-28,133919,14,14
A,1998-07-29,117762,14,14
A,1998-07-30,273403,20,20
A,1998-07-31,390409.800157167,452,452
A,1998-08-01,305308,20,20
A,1998-08-02,292422,22,22
